<?xml version="1.0" encoding="UTF-8"?>

<configuration>

    <property name="HOME_LOG" value="logs/mss_cdr.log"/>
     <appender name="FILE-ROLLING" class="ch.qos.logback.core.rolling.RollingFileAppender">
        <file>${HOME_LOG}</file>

        <rollingPolicy class="ch.qos.logback.core.rolling.SizeAndTimeBasedRollingPolicy">
            <fileNamePattern>logs/mss_cdr.%d{yyyy-MM-dd}.%i.log</fileNamePattern>
            <!-- each archived file, size max 10MB -->
            <maxFileSize>1MB</maxFileSize>
            <!-- total size of all archive files, if total size > 20GB, it will delete old archived file -->
            <!--<totalSizeCap>2GB</totalSizeCap> -->
            
            <!-- 60 days to keep -->
            <!-- <maxHistory>60</maxHistory> -->
        </rollingPolicy>

        <encoder>
            <pattern>%d{yyyy-MM-dd HH:mm:ss.SSS} %p %m%n</pattern>
   
        </encoder>
    </appender>
    
    <appender name="CONSOLE" class="ch.qos.logback.core.ConsoleAppender">
        <layout class="ch.qos.logback.classic.PatternLayout">
            <pattern>%d{yyyy-MM-dd HH:mm:ss.SSS} %p %m%n</pattern>
        </layout>
    </appender>

    <logger name="com.cds.cdrconversion" level="all" additivity="false">
        <appender-ref ref="FILE-ROLLING"/>
         <appender-ref ref="CONSOLE"/>
    </logger>

    <root level="error">
        <appender-ref ref="FILE-ROLLING"/>
        
    </root>

</configuration>